,GeoName,variable,value
0,United States,2010:Q1,308468490
1,Alabama,2010:Q1,4777056
2,Alaska*,2010:Q1,708451
3,Arizona,2010:Q1,6385010
4,Arkansas,2010:Q1,2913215
5,California,2010:Q1,37210670
6,Colorado,2010:Q1,5020517
7,Connecticut,2010:Q1,3572520
8,Delaware,2010:Q1,897024
9,District of Columbia,2010:Q1,600265
10,Florida,2010:Q1,18781942
11,Georgia,2010:Q1,9678711
12,Hawaii*,2010:Q1,1358219
13,Idaho,2010:Q1,1565667
14,Illinois,2010:Q1,12827397
15,Indiana,2010:Q1,6480840
16,Iowa,2010:Q1,3044937
17,Kansas,2010:Q1,2850097
18,Kentucky,2010:Q1,4336196
19,Louisiana,2010:Q1,4527102
20,Maine,2010:Q1,1328737
21,Maryland,2010:Q1,5767341
22,Massachusetts,2010:Q1,6543649
23,Michigan,2010:Q1,9888308
24,Minnesota,2010:Q1,5300847
25,Mississippi,2010:Q1,2966928
26,Missouri,2010:Q1,5985064
27,Montana,2010:Q1,988643
28,Nebraska,2010:Q1,1824298
29,Nevada,2010:Q1,2698402
30,New Hampshire,2010:Q1,1316571
31,New Jersey,2010:Q1,8787041
32,New Mexico,2010:Q1,2055739
33,New York,2010:Q1,19368796
34,North Carolina,2010:Q1,9522670
35,North Dakota,2010:Q1,671412
36,Ohio,2010:Q1,11536909
37,Oklahoma,2010:Q1,3746427
38,Oregon,2010:Q1,3827855
39,Pennsylvania,2010:Q1,12698487
40,Rhode Island,2010:Q1,1053197
41,South Carolina,2010:Q1,4620103
42,South Dakota,2010:Q1,813120
43,Tennessee,2010:Q1,6340438
44,Texas,2010:Q1,25092315
45,Utah,2010:Q1,2757540
46,Vermont,2010:Q1,625667
47,Virginia,2010:Q1,7989604
48,Washington,2010:Q1,6715969
49,West Virginia,2010:Q1,1852366
50,Wisconsin,2010:Q1,5685022
51,Wyoming,2010:Q1,563189
52,New England,2010:Q1,14440341
53,Mideast,2010:Q1,48118954
54,Great Lakes,2010:Q1,46418476
55,Plains,2010:Q1,20489775
56,Southeast,2010:Q1,78306331
57,Southwest,2010:Q1,37279491
58,Rocky Mountain,2010:Q1,10895556
59,Far West,2010:Q1,52519566
60,United States,2010:Q2,309043711
61,Alabama,2010:Q2,4782812
62,Alaska*,2010:Q2,712138
63,Arizona,2010:Q2,6399531
64,Arkansas,2010:Q2,2918848
65,California,2010:Q2,37290427
66,Colorado,2010:Q2,5038584
67,Connecticut,2010:Q2,3577092
68,Delaware,2010:Q2,898828
69,District of Columbia,2010:Q2,603409
70,Florida,2010:Q2,18825232
71,Georgia,2010:Q2,9700566
72,Hawaii*,2010:Q2,1362027
73,Idaho,2010:Q2,1569262
74,Illinois,2010:Q2,12836170
75,Indiana,2010:Q2,6486988
76,Iowa,2010:Q2,3048505
77,Kansas,2010:Q2,2855725
78,Kentucky,2010:Q2,4343590
79,Louisiana,2010:Q2,4539132
80,Maine,2010:Q2,1327952
81,Maryland,2010:Q2,5780890
82,Massachusetts,2010:Q2,6556277
83,Michigan,2010:Q2,9880301
84,Minnesota,2010:Q2,5307244
85,Mississippi,2010:Q2,2969254
86,Missouri,2010:Q2,5992230
87,Montana,2010:Q2,989949
88,Nebraska,2010:Q2,1828121
89,Nevada,2010:Q2,2701699
90,New Hampshire,2010:Q2,1316571
91,New Jersey,2010:Q2,8797704
92,New Mexico,2010:Q2,2061865
93,New York,2010:Q2,19391366
94,North Carolina,2010:Q2,9554842
95,North Dakota,2010:Q2,673553
96,Ohio,2010:Q2,11537845
97,Oklahoma,2010:Q2,3755509
98,Oregon,2010:Q2,3834006
99,Pennsylvania,2010:Q2,12706771
100,Rhode Island,2010:Q2,1053046
101,South Carolina,2010:Q2,4630557
102,South Dakota,2010:Q2,815208
103,Tennessee,2010:Q2,6351012
104,Texas,2010:Q2,25193421
105,Utah,2010:Q2,2769524
106,Vermont,2010:Q2,625795
107,Virginia,2010:Q2,8013010
108,Washington,2010:Q2,6732840
109,West Virginia,2010:Q2,1853639
110,Wisconsin,2010:Q2,5688768
111,Wyoming,2010:Q2,564076
112,New England,2010:Q2,14456733
113,Mideast,2010:Q2,48178968
114,Great Lakes,2010:Q2,46430072
115,Plains,2010:Q2,20520586
116,Southeast,2010:Q2,78482494
117,Southwest,2010:Q2,37410326
118,Rocky Mountain,2010:Q2,10931395
119,Far West,2010:Q2,52633137
120,United States,2010:Q3,309677277
121,Alabama,2010:Q3,4787958
122,Alaska*,2010:Q3,715138
123,Arizona,2010:Q3,6415516
124,Arkansas,2010:Q3,2924320
125,California,2010:Q3,37377032
126,Colorado,2010:Q3,5057372
127,Connecticut,2010:Q3,3582271
128,Delaware,2010:Q3,900879
129,District of Columbia,2010:Q3,607062
130,Florida,2010:Q3,18881664
131,Georgia,2010:Q3,9726219
132,Hawaii*,2010:Q3,1365781
133,Idaho,2010:Q3,1572676
134,Illinois,2010:Q3,12845919
135,Indiana,2010:Q3,6494172
136,Iowa,2010:Q3,3052445
137,Kansas,2010:Q3,2860196
138,Kentucky,2010:Q3,4351137
139,Louisiana,2010:Q3,4549212
140,Maine,2010:Q3,1327824
141,Maryland,2010:Q3,5795839
142,Massachusetts,2010:Q3,6571928
143,Michigan,2010:Q3,9878220
144,Minnesota,2010:Q3,5315932
145,Mississippi,2010:Q3,2971745
146,Missouri,2010:Q3,5998455
147,Montana,2010:Q3,991471
148,Nebraska,2010:Q3,1831716
149,Nevada,2010:Q3,2705163
150,New Hampshire,2010:Q3,1317094
151,New Jersey,2010:Q3,8810286
152,New Mexico,2010:Q3,2066665
153,New York,2010:Q3,19423588
154,North Carolina,2010:Q3,9586822
155,North Dakota,2010:Q3,675924
156,Ohio,2010:Q3,11541656
157,Oklahoma,2010:Q3,3763382
158,Oregon,2010:Q3,3841355
159,Pennsylvania,2010:Q3,12717312
160,Rhode Island,2010:Q3,1053238
161,South Carolina,2010:Q3,4641203
162,South Dakota,2010:Q3,817238
163,Tennessee,2010:Q3,6361902
164,Texas,2010:Q3,25296095
165,Utah,2010:Q3,2780617
166,Vermont,2010:Q3,625977
167,Virginia,2010:Q3,8036698
168,Washington,2010:Q3,6752179
169,West Virginia,2010:Q3,1854690
170,Wisconsin,2010:Q3,5693230
171,Wyoming,2010:Q3,564864
172,New England,2010:Q3,14478332
173,Mideast,2010:Q3,48254966
174,Great Lakes,2010:Q3,46453197
175,Plains,2010:Q3,20551906
176,Southeast,2010:Q3,78673570
177,Southwest,2010:Q3,37541658
178,Rocky Mountain,2010:Q3,10967000
179,Far West,2010:Q3,52756648
180,United States,2010:Q4,310305686
181,Alabama,2010:Q4,4792034
182,Alaska*,2010:Q4,717270
183,Arizona,2010:Q4,6431375
184,Arkansas,2010:Q4,2929025
185,California,2010:Q4,37470491
186,Colorado,2010:Q4,5075196
187,Connecticut,2010:Q4,3585817
188,Delaware,2010:Q4,903106
189,District of Columbia,2010:Q4,611005
190,Florida,2010:Q4,18948620
191,Georgia,2010:Q4,9752135
192,Hawaii*,2010:Q4,1369617
193,Idaho,2010:Q4,1575952
194,Illinois,2010:Q4,12853272
195,Indiana,2010:Q4,6501402
196,Iowa,2010:Q4,3056280
197,Kansas,2010:Q4,2863225
198,Kentucky,2010:Q4,4356839
199,Louisiana,2010:Q4,4557332
200,Maine,2010:Q4,1328127
201,Maryland,2010:Q4,5810605
202,Massachusetts,2010:Q4,6584684
203,Michigan,2010:Q4,9879617
204,Minnesota,2010:Q4,5325431
205,Mississippi,2010:Q4,2974016
206,Missouri,2010:Q4,6002975
207,Montana,2010:Q4,993201
208,Nebraska,2010:Q4,1834907
209,Nevada,2010:Q4,2709482
210,New Hampshire,2010:Q4,1317683
211,New Jersey,2010:Q4,8822051
212,New Mexico,2010:Q4,2070411
213,New York,2010:Q4,19457278
214,North Carolina,2010:Q4,9610532
215,North Dakota,2010:Q4,678586
216,Ohio,2010:Q4,11544374
217,Oklahoma,2010:Q4,3770382
218,Oregon,2010:Q4,3849166
219,Pennsylvania,2010:Q4,12727304
220,Rhode Island,2010:Q4,1053145
221,South Carolina,2010:Q4,4651221
222,South Dakota,2010:Q4,819133
223,Tennessee,2010:Q4,6372931
224,Texas,2010:Q4,25401552
225,Utah,2010:Q4,2790919
226,Vermont,2010:Q4,626160
227,Virginia,2010:Q4,8058526
228,Washington,2010:Q4,6772568
229,West Virginia,2010:Q4,1855126
230,Wisconsin,2010:Q4,5697866
231,Wyoming,2010:Q4,565734
232,New England,2010:Q4,14495616
233,Mideast,2010:Q4,48331349
234,Great Lakes,2010:Q4,46476531
235,Plains,2010:Q4,20580537
236,Southeast,2010:Q4,78858337
237,Southwest,2010:Q4,37673720
238,Rocky Mountain,2010:Q4,11001002
239,Far West,2010:Q4,52888594
240,United States,2011:Q1,310827471
241,Alabama,2011:Q1,4794518
242,Alaska*,2011:Q1,719235
243,Arizona,2011:Q1,6444837
244,Arkansas,2011:Q1,2932705
245,California,2011:Q1,37551300
246,Colorado,2011:Q1,5091321
247,Connecticut,2011:Q1,3588076
248,Delaware,2011:Q1,905011
249,District of Columbia,2011:Q1,614744
250,Florida,2011:Q1,19007780
251,Georgia,2011:Q1,9775291
252,Hawaii*,2011:Q1,1373132
253,Idaho,2011:Q1,1578691
254,Illinois,2011:Q1,12856273
255,Indiana,2011:Q1,6506476
256,Iowa,2011:Q1,3058957
257,Kansas,2011:Q1,2865202
258,Kentucky,2011:Q1,4361127
259,Louisiana,2011:Q1,4564028
260,Maine,2011:Q1,1327922
261,Maryland,2011:Q1,5823508
262,Massachusetts,2011:Q1,6595137
263,Michigan,2011:Q1,9877653
264,Minnesota,2011:Q1,5333091
265,Mississippi,2011:Q1,2975343
266,Missouri,2011:Q1,6005437
267,Montana,2011:Q1,994583
268,Nebraska,2011:Q1,1837420
269,Nevada,2011:Q1,2712878
270,New Hampshire,2011:Q1,1317821
271,New Jersey,2011:Q1,8830752
272,New Mexico,2011:Q1,2073344
273,New York,2011:Q1,19484249
274,North Carolina,2011:Q1,9631094
275,North Dakota,2011:Q1,681017
276,Ohio,2011:Q1,11543102
277,Oklahoma,2011:Q1,3776086
278,Oregon,2011:Q1,3855511
279,Pennsylvania,2011:Q1,12732548
280,Rhode Island,2011:Q1,1052666
281,South Carolina,2011:Q1,4659743
282,South Dakota,2011:Q1,820737
283,Tennessee,2011:Q1,6381873
284,Texas,2011:Q1,25498461
285,Utah,2011:Q1,2800419
286,Vermont,2011:Q1,626128
287,Virginia,2011:Q1,8077782
288,Washington,2011:Q1,6790678
289,West Virginia,2011:Q1,1854846
290,Wisconsin,2011:Q1,5700508
291,Wyoming,2011:Q1,566430
292,New England,2011:Q1,14507750
293,Mideast,2011:Q1,48390812
294,Great Lakes,2011:Q1,46484012
295,Plains,2011:Q1,20601861
296,Southeast,2011:Q1,79016130
297,Southwest,2011:Q1,37792728
298,Rocky Mountain,2011:Q1,11031444
299,Far West,2011:Q1,53002734
300,United States,2011:Q2,311351134
301,Alabama,2011:Q2,4796958
302,Alaska*,2011:Q2,721207
303,Arizona,2011:Q2,6458180
304,Arkansas,2011:Q2,2936464
305,California,2011:Q2,37629992
306,Colorado,2011:Q2,5107687
307,Connecticut,2011:Q2,3590400
308,Delaware,2011:Q2,906876
309,District of Columbia,2011:Q2,618432
310,Florida,2011:Q2,19066144
311,Georgia,2011:Q2,9798205
312,Hawaii*,2011:Q2,1376525
313,Idaho,2011:Q2,1581581
314,Illinois,2011:Q2,12859420
315,Indiana,2011:Q2,6511958
316,Iowa,2011:Q2,3061885
317,Kansas,2011:Q2,2867356
318,Kentucky,2011:Q2,4365741
319,Louisiana,2011:Q2,4570628
320,Maine,2011:Q2,1327860
321,Maryland,2011:Q2,5836206
322,Massachusetts,2011:Q2,6606018
323,Michigan,2011:Q2,9876009
324,Minnesota,2011:Q2,5341257
325,Mississippi,2011:Q2,2976582
326,Missouri,2011:Q2,6008229
327,Montana,2011:Q2,996027
328,Nebraska,2011:Q2,1840095
329,Nevada,2011:Q2,2716225
330,New Hampshire,2011:Q2,1318091
331,New Jersey,2011:Q2,8839446
332,New Mexico,2011:Q2,2076129
333,New York,2011:Q2,19511043
334,North Carolina,2011:Q2,9651686
335,North Dakota,2011:Q2,683510
336,Ohio,2011:Q2,11542441
337,Oklahoma,2011:Q2,3781926
338,Oregon,2011:Q2,3862115
339,Pennsylvania,2011:Q2,12738453
340,Rhode Island,2011:Q2,1052246
341,South Carolina,2011:Q2,4668118
342,South Dakota,2011:Q2,822416
343,Tennessee,2011:Q2,6391035
344,Texas,2011:Q2,25594129
345,Utah,2011:Q2,2810222
346,Vermont,2011:Q2,626145
347,Virginia,2011:Q2,8097110
348,Washington,2011:Q2,6809164
349,West Virginia,2011:Q2,1854744
350,Wisconsin,2011:Q2,5703639
351,Wyoming,2011:Q2,567179
352,New England,2011:Q2,14520760
353,Mideast,2011:Q2,48450456
354,Great Lakes,2011:Q2,46493467
355,Plains,2011:Q2,20624748
356,Southeast,2011:Q2,79173415
357,Southwest,2011:Q2,37910364
358,Rocky Mountain,2011:Q2,11062696
359,Far West,2011:Q2,53115228
360,United States,2011:Q3,311978225
361,Alabama,2011:Q3,4801140
362,Alaska*,2011:Q3,723403
363,Arizona,2011:Q3,6476359
364,Arkansas,2011:Q3,2940330
365,California,2011:Q3,37721349
366,Colorado,2011:Q3,5125763
367,Connecticut,2011:Q3,3593126
368,Delaware,2011:Q3,909122
369,District of Columbia,2011:Q3,622341
370,Florida,2011:Q3,19131089
371,Georgia,2011:Q3,9824210
372,Hawaii*,2011:Q3,1380290
373,Idaho,2011:Q3,1584789
374,Illinois,2011:Q3,12865922
375,Indiana,2011:Q3,6518597
376,Iowa,2011:Q3,3065408
377,Kansas,2011:Q3,2871207
378,Kentucky,2011:Q3,4370835
379,Louisiana,2011:Q3,4578438
380,Maine,2011:Q3,1328130
381,Maryland,2011:Q3,5849906
382,Massachusetts,2011:Q3,6618868
383,Michigan,2011:Q3,9878689
384,Minnesota,2011:Q3,5350521
385,Mississippi,2011:Q3,2978488
386,Missouri,2011:Q3,6012598
387,Montana,2011:Q3,997814
388,Nebraska,2011:Q3,1843513
389,Nevada,2011:Q3,2722827
390,New Hampshire,2011:Q3,1318795
391,New Jersey,2011:Q3,8850559
392,New Mexico,2011:Q3,2078846
393,New York,2011:Q3,19541372
394,North Carolina,2011:Q3,9675680
395,North Dakota,2011:Q3,686976
396,Ohio,2011:Q3,11545147
397,Oklahoma,2011:Q3,3789499
398,Oregon,2011:Q3,3869871
399,Pennsylvania,2011:Q3,12747648
400,Rhode Island,2011:Q3,1052364
401,South Carolina,2011:Q3,4679118
402,South Dakota,2011:Q3,824578
403,Tennessee,2011:Q3,6403803
404,Texas,2011:Q3,25702265
405,Utah,2011:Q3,2820539
406,Vermont,2011:Q3,626198
407,Virginia,2011:Q3,8118613
408,Washington,2011:Q3,6828957
409,West Virginia,2011:Q3,1855171
410,Wisconsin,2011:Q3,5708375
411,Wyoming,2011:Q3,568779
412,New England,2011:Q3,14537481
413,Mideast,2011:Q3,48520948
414,Great Lakes,2011:Q3,46516730
415,Plains,2011:Q3,20654801
416,Southeast,2011:Q3,79356915
417,Southwest,2011:Q3,38046969
418,Rocky Mountain,2011:Q3,11097684
419,Far West,2011:Q3,53246697
420,United States,2011:Q4,312609807
421,Alabama,2011:Q4,4805606
422,Alaska*,2011:Q4,725607
423,Arizona,2011:Q4,6497168
424,Arkansas,2011:Q4,2943365
425,California,2011:Q4,37814232
426,Colorado,2011:Q4,5143876
427,Connecticut,2011:Q4,3595081
428,Delaware,2011:Q4,911505
429,District of Columbia,2011:Q4,626239
430,Florida,2011:Q4,19195789
431,Georgia,2011:Q4,9850526
432,Hawaii*,2011:Q4,1384135
433,Idaho,2011:Q4,1587867
434,Illinois,2011:Q4,12871714
435,Indiana,2011:Q4,6524438
436,Iowa,2011:Q4,3068492
437,Kansas,2011:Q4,2875722
438,Kentucky,2011:Q4,4375124
439,Louisiana,2011:Q4,4586102
440,Maine,2011:Q4,1328340
441,Maryland,2011:Q4,5862837
442,Massachusetts,2011:Q4,6631508
443,Michigan,2011:Q4,9882566
444,Minnesota,2011:Q4,5359017
445,Mississippi,2011:Q4,2980258
446,Missouri,2011:Q4,6016593
447,Montana,2011:Q4,999619
448,Nebraska,2011:Q4,1847051
449,Nevada,2011:Q4,2731797
450,New Hampshire,2011:Q4,1319596
451,New Jersey,2011:Q4,8861190
452,New Mexico,2011:Q4,2080726
453,New York,2011:Q4,19569016
454,North Carolina,2011:Q4,9700061
455,North Dakota,2011:Q4,691192
456,Ohio,2011:Q4,11547474
457,Oklahoma,2011:Q4,3797513
458,Oregon,2011:Q4,3877433
459,Pennsylvania,2011:Q4,12755681
460,Rhode Island,2011:Q4,1052667
461,South Carolina,2011:Q4,4691361
462,South Dakota,2011:Q4,826998
463,Tennessee,2011:Q4,6418166
464,Texas,2011:Q4,25814843
465,Utah,2011:Q4,2830496
466,Vermont,2011:Q4,626110
467,Virginia,2011:Q4,8139903
468,Washington,2011:Q4,6847724
469,West Virginia,2011:Q4,1855541
470,Wisconsin,2011:Q4,5712841
471,Wyoming,2011:Q4,571101
472,New England,2011:Q4,14553302
473,Mideast,2011:Q4,48586468
474,Great Lakes,2011:Q4,46539033
475,Plains,2011:Q4,20685065
476,Southeast,2011:Q4,79541802
477,Southwest,2011:Q4,38190250
478,Rocky Mountain,2011:Q4,11132959
479,Far West,2011:Q4,53380928
480,United States,2012:Q1,313161030
481,Alabama,2012:Q1,4809008
482,Alaska*,2012:Q1,727693
483,Arizona,2012:Q1,6516004
484,Arkansas,2012:Q1,2945674
485,California,2012:Q1,37896779
486,Colorado,2012:Q1,5160682
487,Connecticut,2012:Q1,3596066
488,Delaware,2012:Q1,913682
489,District of Columbia,2012:Q1,630026
490,Florida,2012:Q1,19254464
491,Georgia,2012:Q1,9874942
492,Hawaii*,2012:Q1,1387629
493,Idaho,2012:Q1,1590505
494,Illinois,2012:Q1,12874285
495,Indiana,2012:Q1,6528722
496,Iowa,2012:Q1,3070691
497,Kansas,2012:Q1,2879439
498,Kentucky,2012:Q1,4378363
499,Louisiana,2012:Q1,4592844
500,Maine,2012:Q1,1328168
501,Maryland,2012:Q1,5874492
502,Massachusetts,2012:Q1,6642456
503,Michigan,2012:Q1,9884007
504,Minnesota,2012:Q1,5366171
505,Mississippi,2012:Q1,2981451
506,Missouri,2012:Q1,6019079
507,Montana,2012:Q1,1001144
508,Nebraska,2012:Q1,1850086
509,Nevada,2012:Q1,2740061
510,New Hampshire,2012:Q1,1320056
511,New Jersey,2012:Q1,8869515
512,New Mexico,2012:Q1,2081905
513,New York,2012:Q1,19591616
514,North Carolina,2012:Q1,9722154
515,North Dakota,2012:Q1,695246
516,Ohio,2012:Q1,11546956
517,Oklahoma,2012:Q1,3804535
518,Oregon,2012:Q1,3883846
519,Pennsylvania,2012:Q1,12760239
520,Rhode Island,2012:Q1,1052663
521,South Carolina,2012:Q1,4702522
522,South Dakota,2012:Q1,829192
523,Tennessee,2012:Q1,6431039
524,Texas,2012:Q1,25920659
525,Utah,2012:Q1,2839817
526,Vermont,2012:Q1,625887
527,Virginia,2012:Q1,8159362
528,Washington,2012:Q1,6864711
529,West Virginia,2012:Q1,1855375
530,Wisconsin,2012:Q1,5715849
531,Wyoming,2012:Q1,573273
532,New England,2012:Q1,14565296
533,Mideast,2012:Q1,48639570
534,Great Lakes,2012:Q1,46549819
535,Plains,2012:Q1,20709904
536,Southeast,2012:Q1,79707198
537,Southwest,2012:Q1,38323103
538,Rocky Mountain,2012:Q1,11165421
539,Far West,2012:Q1,53500719
540,United States,2012:Q2,313699036
541,Alabama,2012:Q2,4812069
542,Alaska*,2012:Q2,729748
543,Arizona,2012:Q2,6534455
544,Arkansas,2012:Q2,2947879
545,California,2012:Q2,37976348
546,Colorado,2012:Q2,5177480
547,Connecticut,2012:Q2,3596965
548,Delaware,2012:Q2,915764
549,District of Columbia,2012:Q2,633721
550,Florida,2012:Q2,19311290
551,Georgia,2012:Q2,9898582
552,Hawaii*,2012:Q2,1391009
553,Idaho,2012:Q2,1593206
554,Illinois,2012:Q2,12876393
555,Indiana,2012:Q2,6533012
556,Iowa,2012:Q2,3072970
557,Kansas,2012:Q2,2883193
558,Kentucky,2012:Q2,4381668
559,Louisiana,2012:Q2,4599168
560,Maine,2012:Q2,1328048
561,Maryland,2012:Q2,5885630
562,Massachusetts,2012:Q2,6653504
563,Michigan,2012:Q2,9885243
564,Minnesota,2012:Q2,5373537
565,Mississippi,2012:Q2,2982318
566,Missouri,2012:Q2,6021542
567,Montana,2012:Q2,1002671
568,Nebraska,2012:Q2,1853162
569,Nevada,2012:Q2,2748155
570,New Hampshire,2012:Q2,1320566
571,New Jersey,2012:Q2,8877406
572,New Mexico,2012:Q2,2082907
573,New York,2012:Q2,19613071
574,North Carolina,2012:Q2,9743743
575,North Dakota,2012:Q2,699295
576,Ohio,2012:Q2,11546362
577,Oklahoma,2012:Q2,3811518
578,Oregon,2012:Q2,3890348
579,Pennsylvania,2012:Q2,12764696
580,Rhode Island,2012:Q2,1052670
581,South Carolina,2012:Q2,4713282
582,South Dakota,2012:Q2,831403
583,Tennessee,2012:Q2,6443762
584,Texas,2012:Q2,26024350
585,Utah,2012:Q2,2849262
586,Vermont,2012:Q2,625670
587,Virginia,2012:Q2,8178474
588,Washington,2012:Q2,6881786
589,West Virginia,2012:Q2,1855264
590,Wisconsin,2012:Q2,5718995
591,Wyoming,2012:Q2,575476
592,New England,2012:Q2,14577423
593,Mideast,2012:Q2,48690288
594,Great Lakes,2012:Q2,46560005
595,Plains,2012:Q2,20735102
596,Southeast,2012:Q2,79867499
597,Southwest,2012:Q2,38453230
598,Rocky Mountain,2012:Q2,11198095
599,Far West,2012:Q2,53617394
600,United States,2012:Q3,314337525
601,Alabama,2012:Q3,4816603
602,Alaska*,2012:Q3,731690
603,Arizona,2012:Q3,6554707
604,Arkansas,2012:Q3,2950746
605,California,2012:Q3,38068249
606,Colorado,2012:Q3,5196853
607,Connecticut,2012:Q3,3599044
608,Delaware,2012:Q3,918087
609,District of Columbia,2012:Q3,637573
610,Florida,2012:Q3,19376560
611,Georgia,2012:Q3,9921733
612,Hawaii*,2012:Q3,1394987
613,Idaho,2012:Q3,1596908
614,Illinois,2012:Q3,12882579
615,Indiana,2012:Q3,6540857
616,Iowa,2012:Q3,3076959
617,Kansas,2012:Q3,2886868
618,Kentucky,2012:Q3,4386383
619,Louisiana,2012:Q3,4606568
620,Maine,2012:Q3,1328340
621,Maryland,2012:Q3,5897942
622,Massachusetts,2012:Q3,6667338
623,Michigan,2012:Q3,9890128
624,Minnesota,2012:Q3,5383502
625,Mississippi,2012:Q3,2984104
626,Missouri,2012:Q3,6026672
627,Montana,2012:Q3,1004776
628,Nebraska,2012:Q3,1856802
629,Nevada,2012:Q3,2757259
630,New Hampshire,2012:Q3,1321371
631,New Jersey,2012:Q3,8887930
632,New Mexico,2012:Q3,2084290
633,New York,2012:Q3,19640395
634,North Carolina,2012:Q3,9769038
635,North Dakota,2012:Q3,704210
636,Ohio,2012:Q3,11551839
637,Oklahoma,2012:Q3,3820397
638,Oregon,2012:Q3,3897968
639,Pennsylvania,2012:Q3,12772059
640,Rhode Island,2012:Q3,1052967
641,South Carolina,2012:Q3,4725811
642,South Dakota,2012:Q3,833979
643,Tennessee,2012:Q3,6456871
644,Texas,2012:Q3,26133842
645,Utah,2012:Q3,2860422
646,Vermont,2012:Q3,625769
647,Virginia,2012:Q3,8199314
648,Washington,2012:Q3,6901329
649,West Virginia,2012:Q3,1855347
650,Wisconsin,2012:Q3,5724129
651,Wyoming,2012:Q3,577431
652,New England,2012:Q3,14594829
653,Mideast,2012:Q3,48753986
654,Great Lakes,2012:Q3,46589532
655,Plains,2012:Q3,20768992
656,Southeast,2012:Q3,80049078
657,Southwest,2012:Q3,38593236
658,Rocky Mountain,2012:Q3,11236390
659,Far West,2012:Q3,53751482
660,United States,2012:Q4,314969937
661,Alabama,2012:Q4,4821092
662,Alaska*,2012:Q4,733305
663,Arizona,2012:Q4,6574368
664,Arkansas,2012:Q4,2953306
665,California,2012:Q4,38160178
666,Colorado,2012:Q4,5216979
667,Connecticut,2012:Q4,3601046
668,Delaware,2012:Q4,920370
669,District of Columbia,2012:Q4,641319
670,Florida,2012:Q4,19442891
671,Georgia,2012:Q4,9941390
672,Hawaii*,2012:Q4,1399235
673,Idaho,2012:Q4,1601120
674,Illinois,2012:Q4,12888391
675,Indiana,2012:Q4,6550126
676,Iowa,2012:Q4,3081508
677,Kansas,2012:Q4,2889410
678,Kentucky,2012:Q4,4391108
679,Louisiana,2012:Q4,4613583
680,Maine,2012:Q4,1328593
681,Maryland,2012:Q4,5909511
682,Massachusetts,2012:Q4,6681581
683,Michigan,2012:Q4,9895426
684,Minnesota,2012:Q4,5394181
685,Mississippi,2012:Q4,2985942
686,Missouri,2012:Q4,6032426
687,Montana,2012:Q4,1007097
688,Nebraska,2012:Q4,1860327
689,Nevada,2012:Q4,2766449
690,New Hampshire,2012:Q4,1322043
691,New Jersey,2012:Q4,8897976
692,New Mexico,2012:Q4,2085239
693,New York,2012:Q4,19666866
694,North Carolina,2012:Q4,9794774
695,North Dakota,2012:Q4,709744
696,Ohio,2012:Q4,11559507
697,Oklahoma,2012:Q4,3829861
698,Oregon,2012:Q4,3905296
699,Pennsylvania,2012:Q4,12777530
700,Rhode Island,2012:Q4,1053210
701,South Carolina,2012:Q4,4738598
702,South Dakota,2012:Q4,836637
703,Tennessee,2012:Q4,6468257
704,Texas,2012:Q4,26240296
705,Utah,2012:Q4,2872373
706,Vermont,2012:Q4,625990
707,Virginia,2012:Q4,8219330
708,Washington,2012:Q4,6920968
709,West Virginia,2012:Q4,1854995
710,Wisconsin,2012:Q4,5729203
711,Wyoming,2012:Q4,578986
712,New England,2012:Q4,14612463
713,Mideast,2012:Q4,48813572
714,Great Lakes,2012:Q4,46622653
715,Plains,2012:Q4,20804233
716,Southeast,2012:Q4,80225266
717,Southwest,2012:Q4,38729764
718,Rocky Mountain,2012:Q4,11276555
719,Far West,2012:Q4,53885431
720,United States,2013:Q1,315448736
721,Alabama,2013:Q1,4823284
722,Alaska*,2013:Q1,734656
723,Arizona,2013:Q1,6590625
724,Arkansas,2013:Q1,2954387
725,California,2013:Q1,38234228
726,Colorado,2013:Q1,5234642
727,Connecticut,2013:Q1,3601237
728,Delaware,2013:Q1,922212
729,District of Columbia,2013:Q1,644788
730,Florida,2013:Q1,19498312
731,Georgia,2013:Q1,9956827
732,Hawaii*,2013:Q1,1402873
733,Idaho,2013:Q1,1604538
734,Illinois,2013:Q1,12887984
735,Indiana,2013:Q1,6556218
736,Iowa,2013:Q1,3084383
737,Kansas,2013:Q1,2890442
738,Kentucky,2013:Q1,4393725
739,Louisiana,2013:Q1,4618501
740,Maine,2013:Q1,1328135
741,Maryland,2013:Q1,5918383
742,Massachusetts,2013:Q1,6692536
743,Michigan,2013:Q1,9895844
744,Minnesota,2013:Q1,5402158
745,Mississippi,2013:Q1,2986454
746,Missouri,2013:Q1,6035128
747,Montana,2013:Q1,1008891
748,Nebraska,2013:Q1,1862891
749,Nevada,2013:Q1,2774346
750,New Hampshire,2013:Q1,1322080
751,New Jersey,2013:Q1,8903634
752,New Mexico,2013:Q1,2085125
753,New York,2013:Q1,19683735
754,North Carolina,2013:Q1,9815900
755,North Dakota,2013:Q1,714909
756,Ohio,2013:Q1,11561391
757,Oklahoma,2013:Q1,3837484
758,Oregon,2013:Q1,3910567
759,Pennsylvania,2013:Q1,12776221
760,Rhode Island,2013:Q1,1052878
761,South Carolina,2013:Q1,4749141
762,South Dakota,2013:Q1,838874
763,Tennessee,2013:Q1,6476525
764,Texas,2013:Q1,26334627
765,Utah,2013:Q1,2883070
766,Vermont,2013:Q1,625934
767,Virginia,2013:Q1,8235546
768,Washington,2013:Q1,6937224
769,West Virginia,2013:Q1,1853638
770,Wisconsin,2013:Q1,5731356
771,Wyoming,2013:Q1,580249
772,New England,2013:Q1,14622800
773,Mideast,2013:Q1,48848973
774,Great Lakes,2013:Q1,46632793
775,Plains,2013:Q1,20828785
776,Southeast,2013:Q1,80362240
777,Southwest,2013:Q1,38847861
778,Rocky Mountain,2013:Q1,11311390
779,Far West,2013:Q1,53993894
780,United States,2013:Q2,315945536
781,Alabama,2013:Q2,4825800
782,Alaska*,2013:Q2,736000
783,Arizona,2013:Q2,6607060
784,Arkansas,2013:Q2,2955714
785,California,2013:Q2,38306959
786,Colorado,2013:Q2,5252812
787,Connecticut,2013:Q2,3601736
788,Delaware,2013:Q2,924070
789,District of Columbia,2013:Q2,648277
790,Florida,2013:Q2,19554200
791,Georgia,2013:Q2,9972661
792,Hawaii*,2013:Q2,1406225
793,Idaho,2013:Q2,1608170
794,Illinois,2013:Q2,12888497
795,Indiana,2013:Q2,6563145
796,Iowa,2013:Q2,3087731
797,Kansas,2013:Q2,2891815
798,Kentucky,2013:Q2,4396929
799,Louisiana,2013:Q2,4623634
800,Maine,2013:Q2,1327898
801,Maryland,2013:Q2,5927407
802,Massachusetts,2013:Q2,6704286
803,Michigan,2013:Q2,9897186
804,Minnesota,2013:Q2,5410913
805,Mississippi,2013:Q2,2987056
806,Missouri,2013:Q2,6038566
807,Montana,2013:Q2,1010814
808,Nebraska,2013:Q2,1865719
809,Nevada,2013:Q2,2782273
810,New Hampshire,2013:Q2,1322316
811,New Jersey,2013:Q2,8909604
812,New Mexico,2013:Q2,2084976
813,New York,2013:Q2,19701227
814,North Carolina,2013:Q2,9837666
815,North Dakota,2013:Q2,720172
816,Ohio,2013:Q2,11564629
817,Oklahoma,2013:Q2,3845386
818,Oregon,2013:Q2,3916275
819,Pennsylvania,2013:Q2,12776439
820,Rhode Island,2013:Q2,1052714
821,South Carolina,2013:Q2,4759875
822,South Dakota,2013:Q2,841223
823,Tennessee,2013:Q2,6485480
824,Texas,2013:Q2,26429039
825,Utah,2013:Q2,2894089
826,Vermont,2013:Q2,625940
827,Virginia,2013:Q2,8252304
828,Washington,2013:Q2,6954090
829,West Virginia,2013:Q2,1852586
830,Wisconsin,2013:Q2,5734354
831,Wyoming,2013:Q2,581599
832,New England,2013:Q2,14634890
833,Mideast,2013:Q2,48887024
834,Great Lakes,2013:Q2,46647811
835,Plains,2013:Q2,20856139
836,Southeast,2013:Q2,80503905
837,Southwest,2013:Q2,38966461
838,Rocky Mountain,2013:Q2,11347484
839,Far West,2013:Q2,54101822
840,United States,2013:Q3,316571150
841,Alabama,2013:Q3,4829798
842,Alaska*,2013:Q3,736802
843,Arizona,2013:Q3,6628395
844,Arkansas,2013:Q3,2958137
845,California,2013:Q3,38396332
846,Colorado,2013:Q3,5273098
847,Connecticut,2013:Q3,3602634
848,Delaware,2013:Q3,926448
849,District of Columbia,2013:Q3,651516
850,Florida,2013:Q3,19627372
851,Georgia,2013:Q3,9995519
852,Hawaii*,2013:Q3,1409319
853,Idaho,2013:Q3,1612886
854,Illinois,2013:Q3,12890944
855,Indiana,2013:Q3,6571357
856,Iowa,2013:Q3,3092194
857,Kansas,2013:Q3,2894080
858,Kentucky,2013:Q3,4400976
859,Louisiana,2013:Q3,4630062
860,Maine,2013:Q3,1328244
861,Maryland,2013:Q3,5938048
862,Massachusetts,2013:Q3,6717678
863,Michigan,2013:Q3,9902348
864,Minnesota,2013:Q3,5421212
865,Mississippi,2013:Q3,2988155
866,Missouri,2013:Q3,6043927
867,Montana,2013:Q3,1013054
868,Nebraska,2013:Q3,1869299
869,Nevada,2013:Q3,2792547
870,New Hampshire,2013:Q3,1323506
871,New Jersey,2013:Q3,8918556
872,New Mexico,2013:Q3,2085258
873,New York,2013:Q3,19722561
874,North Carolina,2013:Q3,9862397
875,North Dakota,2013:Q3,724944
876,Ohio,2013:Q3,11572443
877,Oklahoma,2013:Q3,3853445
878,Oregon,2013:Q3,3925312
879,Pennsylvania,2013:Q3,12781600
880,Rhode Island,2013:Q3,1053151
881,South Carolina,2013:Q3,4773815
882,South Dakota,2013:Q3,843465
883,Tennessee,2013:Q3,6497676
884,Texas,2013:Q3,26541872
885,Utah,2013:Q3,2905025
886,Vermont,2013:Q3,626052
887,Virginia,2013:Q3,8269446
888,Washington,2013:Q3,6974627
889,West Virginia,2013:Q3,1851965
890,Wisconsin,2013:Q3,5739129
891,Wyoming,2013:Q3,582524
892,New England,2013:Q3,14651265
893,Mideast,2013:Q3,48938729
894,Great Lakes,2013:Q3,46676221
895,Plains,2013:Q3,20889121
896,Southeast,2013:Q3,80685318
897,Southwest,2013:Q3,39108970
898,Rocky Mountain,2013:Q3,11386587
899,Far West,2013:Q3,54234939
900,United States,2013:Q4,317231725
901,Alabama,2013:Q4,4833874
902,Alaska*,2013:Q4,736924
903,Arizona,2013:Q4,6652524
904,Arkansas,2013:Q4,2960734
905,California,2013:Q4,38492911
906,Colorado,2013:Q4,5293984
907,Connecticut,2013:Q4,3602793
908,Delaware,2013:Q4,929073
909,District of Columbia,2013:Q4,654295
910,Florida,2013:Q4,19710639
911,Georgia,2013:Q4,10022856
912,Hawaii*,2013:Q4,1412049
913,Idaho,2013:Q4,1618235
914,Illinois,2013:Q4,12891436
915,Indiana,2013:Q4,6578930
916,Iowa,2013:Q4,3096703
917,Kansas,2013:Q4,2896298
918,Kentucky,2013:Q4,4404564
919,Louisiana,2013:Q4,4636470
920,Maine,2013:Q4,1328743
921,Maryland,2013:Q4,5948646
922,Massachusetts,2013:Q4,6730535
923,Michigan,2013:Q4,9908181
924,Minnesota,2013:Q4,5431277
925,Mississippi,2013:Q4,2988969
926,Missouri,2013:Q4,6049306
927,Montana,2013:Q4,1015262
928,Nebraska,2013:Q4,1873032
929,Nevada,2013:Q4,2804447
930,New Hampshire,2013:Q4,1325259
931,New Jersey,2013:Q4,8927703
932,New Mexico,2013:Q4,2085315
933,New York,2013:Q4,19741817
934,North Carolina,2013:Q4,9887159
935,North Dakota,2013:Q4,729023
936,Ohio,2013:Q4,11581115
937,Oklahoma,2013:Q4,3860538
938,Oregon,2013:Q4,3936359
939,Pennsylvania,2013:Q4,12787116
940,Rhode Island,2013:Q4,1053847
941,South Carolina,2013:Q4,4789539
942,South Dakota,2013:Q4,845354
943,Tennessee,2013:Q4,6511208
944,Texas,2013:Q4,26666012
945,Utah,2013:Q4,2915153
946,Vermont,2013:Q4,626065
947,Virginia,2013:Q4,8284762
948,Washington,2013:Q4,6996836
949,West Virginia,2013:Q4,1851152
950,Wisconsin,2013:Q4,5743823
951,Wyoming,2013:Q4,582880
952,New England,2013:Q4,14667242
953,Mideast,2013:Q4,48988650
954,Great Lakes,2013:Q4,46703485
955,Plains,2013:Q4,20920993
956,Southeast,2013:Q4,80881926
957,Southwest,2013:Q4,39264389
958,Rocky Mountain,2013:Q4,11425514
959,Far West,2013:Q4,54379526
960,United States,2014:Q1,317777909
961,Alabama,2014:Q1,4836245
962,Alaska*,2014:Q1,736847
963,Arizona,2014:Q1,6673991
964,Arkansas,2014:Q1,2962232
965,California,2014:Q1,38576125
966,Colorado,2014:Q1,5313009
967,Connecticut,2014:Q1,3601609
968,Delaware,2014:Q1,931379
969,District of Columbia,2014:Q1,656893
970,Florida,2014:Q1,19785483
971,Georgia,2014:Q1,10047081
972,Hawaii*,2014:Q1,1414341
973,Idaho,2014:Q1,1622991
974,Illinois,2014:Q1,12887369
975,Indiana,2014:Q1,6584213
976,Iowa,2014:Q1,3100003
977,Kansas,2014:Q1,2897415
978,Kentucky,2014:Q1,4406590
979,Louisiana,2014:Q1,4641332
980,Maine,2014:Q1,1328720
981,Maryland,2014:Q1,5957233
982,Massachusetts,2014:Q1,6741036
983,Michigan,2014:Q1,9910342
984,Minnesota,2014:Q1,5439376
985,Mississippi,2014:Q1,2988820
986,Missouri,2014:Q1,6052428
987,Montana,2014:Q1,1017067
988,Nebraska,2014:Q1,1876041
989,Nevada,2014:Q1,2815329
990,New Hampshire,2014:Q1,1326525
991,New Jersey,2014:Q1,8933589
992,New Mexico,2014:Q1,2084485
993,New York,2014:Q1,19754080
994,North Carolina,2014:Q1,9908475
995,North Dakota,2014:Q1,732819
996,Ohio,2014:Q1,11585544
997,Oklahoma,2014:Q1,3866161
998,Oregon,2014:Q1,3945837
999,Pennsylvania,2014:Q1,12787723
1000,Rhode Island,2014:Q1,1054163
1001,South Carolina,2014:Q1,4803555
1002,South Dakota,2014:Q1,846961
1003,Tennessee,2014:Q1,6522422
1004,Texas,2014:Q1,26781044
1005,Utah,2014:Q1,2924326
1006,Vermont,2014:Q1,625863
1007,Virginia,2014:Q1,8297334
1008,Washington,2014:Q1,7016466
1009,West Virginia,2014:Q1,1849601
1010,Wisconsin,2014:Q1,5746379
1011,Wyoming,2014:Q1,583017
1012,New England,2014:Q1,14677916
1013,Mideast,2014:Q1,49020897
1014,Great Lakes,2014:Q1,46713847
1015,Plains,2014:Q1,20945043
1016,Southeast,2014:Q1,81049170
1017,Southwest,2014:Q1,39405681
1018,Rocky Mountain,2014:Q1,11460410
1019,Far West,2014:Q1,54504945
1020,United States,2014:Q2,318323581
1021,Alabama,2014:Q2,4838522
1022,Alaska*,2014:Q2,736755
1023,Arizona,2014:Q2,6695272
1024,Arkansas,2014:Q2,2963789
1025,California,2014:Q2,38657614
1026,Colorado,2014:Q2,5332238
1027,Connecticut,2014:Q2,3600465
1028,Delaware,2014:Q2,933606
1029,District of Columbia,2014:Q2,659463
1030,Florida,2014:Q2,19859233
1031,Georgia,2014:Q2,10071076
1032,Hawaii*,2014:Q2,1416502
1033,Idaho,2014:Q2,1627829
1034,Illinois,2014:Q2,12883374
1035,Indiana,2014:Q2,6589824
1036,Iowa,2014:Q2,3103513
1037,Kansas,2014:Q2,2898669
1038,Kentucky,2014:Q2,4408896
1039,Louisiana,2014:Q2,4646064
1040,Maine,2014:Q2,1328771
1041,Maryland,2014:Q2,5965595
1042,Massachusetts,2014:Q2,6751886
1043,Michigan,2014:Q2,9912695
1044,Minnesota,2014:Q2,5447873
1045,Mississippi,2014:Q2,2988527
1046,Missouri,2014:Q2,6055798
1047,Montana,2014:Q2,1018911
1048,Nebraska,2014:Q2,1879182
1049,Nevada,2014:Q2,2826123
1050,New Hampshire,2014:Q2,1327883
1051,New Jersey,2014:Q2,8939387
1052,New Mexico,2014:Q2,2083500
1053,New York,2014:Q2,19766043
1054,North Carolina,2014:Q2,9929733
1055,North Dakota,2014:Q2,736661
1056,Ohio,2014:Q2,11590370
1057,Oklahoma,2014:Q2,3871849
1058,Oregon,2014:Q2,3955496
1059,Pennsylvania,2014:Q2,12788723
1060,Rhode Island,2014:Q2,1054520
1061,South Carolina,2014:Q2,4817464
1062,South Dakota,2014:Q2,848564
1063,Tennessee,2014:Q2,6533788
1064,Texas,2014:Q2,26895153
1065,Utah,2014:Q2,2933721
1066,Vermont,2014:Q2,625699
1067,Virginia,2014:Q2,8309941
1068,Washington,2014:Q2,7036366
1069,West Virginia,2014:Q2,1848177
1070,Wisconsin,2014:Q2,5749283
1071,Wyoming,2014:Q2,583195
1072,New England,2014:Q2,14689224
1073,Mideast,2014:Q2,49052817
1074,Great Lakes,2014:Q2,46725546
1075,Plains,2014:Q2,20970260
1076,Southeast,2014:Q2,81215210
1077,Southwest,2014:Q2,39545774
1078,Rocky Mountain,2014:Q2,11495894
1079,Far West,2014:Q2,54628856
1080,United States,2014:Q3,318987604
1081,Alabama,2014:Q3,4842326
1082,Alaska*,2014:Q3,737020
1083,Arizona,2014:Q3,6719954
1084,Arkansas,2014:Q3,2966723
1085,California,2014:Q3,38750307
1086,Colorado,2014:Q3,5355572
1087,Connecticut,2014:Q3,3600124
1088,Delaware,2014:Q3,936166
1089,District of Columbia,2014:Q3,662407
1090,Florida,2014:Q3,19949012
1091,Georgia,2014:Q3,10100010
1092,Hawaii*,2014:Q3,1419025
1093,Idaho,2014:Q3,1633066
1094,Illinois,2014:Q3,12882388
1095,Indiana,2014:Q3,6596531
1096,Iowa,2014:Q3,3107792
1097,Kansas,2014:Q3,2900910
1098,Kentucky,2014:Q3,4412660
1099,Louisiana,2014:Q3,4652436
1100,Maine,2014:Q3,1329033
1101,Maryland,2014:Q3,5975171
1102,Massachusetts,2014:Q3,6763685
1103,Michigan,2014:Q3,9917047
1104,Minnesota,2014:Q3,5457493
1105,Mississippi,2014:Q3,2988721
1106,Missouri,2014:Q3,6061016
1107,Montana,2014:Q3,1021199
1108,Nebraska,2014:Q3,1882853
1109,Nevada,2014:Q3,2838723
1110,New Hampshire,2014:Q3,1329092
1111,New Jersey,2014:Q3,8946958
1112,New Mexico,2014:Q3,2083582
1113,New York,2014:Q3,19783312
1114,North Carolina,2014:Q3,9955639
1115,North Dakota,2014:Q3,740830
1116,Ohio,2014:Q3,11597574
1117,Oklahoma,2014:Q3,3879490
1118,Oregon,2014:Q3,3968494
1119,Pennsylvania,2014:Q3,12793165
1120,Rhode Island,2014:Q3,1055135
1121,South Carolina,2014:Q3,4834167
1122,South Dakota,2014:Q3,850197
1123,Tennessee,2014:Q3,6547569
1124,Texas,2014:Q3,27022074
1125,Utah,2014:Q3,2944920
1126,Vermont,2014:Q3,625620
1127,Virginia,2014:Q3,8324638
1128,Washington,2014:Q3,7061543
1129,West Virginia,2014:Q3,1847016
1130,Wisconsin,2014:Q3,5753428
1131,Wyoming,2014:Q3,583791
1132,New England,2014:Q3,14702689
1133,Mideast,2014:Q3,49097179
1134,Great Lakes,2014:Q3,46746968
1135,Plains,2014:Q3,21001091
1136,Southeast,2014:Q3,81420917
1137,Southwest,2014:Q3,39705100
1138,Rocky Mountain,2014:Q3,11538548
1139,Far West,2014:Q3,54775112
1140,United States,2014:Q4,319664111
1141,Alabama,2014:Q4,4846127
1142,Alaska*,2014:Q4,737470
1143,Arizona,2014:Q4,6745633
1144,Arkansas,2014:Q4,2970129
1145,California,2014:Q4,38842136
1146,Colorado,2014:Q4,5381185
1147,Connecticut,2014:Q4,3599349
1148,Delaware,2014:Q4,938719
1149,District of Columbia,2014:Q4,665535
1150,Florida,2014:Q4,20047426
1151,Georgia,2014:Q4,10130998
1152,Hawaii*,2014:Q4,1421516
1153,Idaho,2014:Q4,1638145
1154,Illinois,2014:Q4,12880102
1155,Indiana,2014:Q4,6602218
1156,Iowa,2014:Q4,3111708
1157,Kansas,2014:Q4,2903084
1158,Kentucky,2014:Q4,4416465
1159,Louisiana,2014:Q4,4659084
1160,Maine,2014:Q4,1329051
1161,Maryland,2014:Q4,5984107
1162,Massachusetts,2014:Q4,6774104
1163,Michigan,2014:Q4,9920160
1164,Minnesota,2014:Q4,5466249
1165,Mississippi,2014:Q4,2988565
1166,Missouri,2014:Q4,6066004
1167,Montana,2014:Q4,1023543
1168,Nebraska,2014:Q4,1886419
1169,Nevada,2014:Q4,2852216
1170,New Hampshire,2014:Q4,1329722
1171,New Jersey,2014:Q4,8953286
1172,New Mexico,2014:Q4,2083909
1173,New York,2014:Q4,19799378
1174,North Carolina,2014:Q4,9982989
1175,North Dakota,2014:Q4,745041
1176,Ohio,2014:Q4,11603201
1177,Oklahoma,2014:Q4,3887686
1178,Oregon,2014:Q4,3983375
1179,Pennsylvania,2014:Q4,12796327
1180,Rhode Island,2014:Q4,1055639
1181,South Carolina,2014:Q4,4852212
1182,South Dakota,2014:Q4,851532
1183,Tennessee,2014:Q4,6561666
1184,Texas,2014:Q4,27153047
1185,Utah,2014:Q4,2957007
1186,Vermont,2014:Q4,625435
1187,Virginia,2014:Q4,8338859
1188,Washington,2014:Q4,7089533
1189,West Virginia,2014:Q4,1845479
1190,Wisconsin,2014:Q4,5756738
1191,Wyoming,2014:Q4,584603
1192,New England,2014:Q4,14713300
1193,Mideast,2014:Q4,49137352
1194,Great Lakes,2014:Q4,46762419
1195,Plains,2014:Q4,21030037
1196,Southeast,2014:Q4,81639999
1197,Southwest,2014:Q4,39870275
1198,Rocky Mountain,2014:Q4,11584483
1199,Far West,2014:Q4,54926246
1200,United States,2015:Q1,320191522
1201,Alabama,2015:Q1,4847685
1202,Alaska*,2015:Q1,737638
1203,Arizona,2015:Q1,6767917
1204,Arkansas,2015:Q1,2972067
1205,California,2015:Q1,38917134
1206,Colorado,2015:Q1,5404375
1207,Connecticut,2015:Q1,3596855
1208,Delaware,2015:Q1,940838
1209,District of Columbia,2015:Q1,668397
1210,Florida,2015:Q1,20134897
1211,Georgia,2015:Q1,10157852
1212,Hawaii*,2015:Q1,1423440
1213,Idaho,2015:Q1,1642449
1214,Illinois,2015:Q1,12871890
1215,Indiana,2015:Q1,6604876
1216,Iowa,2015:Q1,3114020
1217,Kansas,2015:Q1,2903866
1218,Kentucky,2015:Q1,4418181
1219,Louisiana,2015:Q1,4663650
1220,Maine,2015:Q1,1328375
1221,Maryland,2015:Q1,5990417
1222,Massachusetts,2015:Q1,6781327
1223,Michigan,2015:Q1,9918453
1224,Minnesota,2015:Q1,5472386
1225,Mississippi,2015:Q1,2987120
1226,Missouri,2015:Q1,6068007
1227,Montana,2015:Q1,1025328
1228,Nebraska,2015:Q1,1889050
1229,Nevada,2015:Q1,2864424
1230,New Hampshire,2015:Q1,1329728
1231,New Jersey,2015:Q1,8955394
1232,New Mexico,2015:Q1,2083170
1233,New York,2015:Q1,19806237
1234,North Carolina,2015:Q1,10005783
1235,North Dakota,2015:Q1,748860
1236,Ohio,2015:Q1,11603174
1237,Oklahoma,2015:Q1,3894031
1238,Oregon,2015:Q1,3996224
1239,Pennsylvania,2015:Q1,12792943
1240,Rhode Island,2015:Q1,1055644
1241,South Carolina,2015:Q1,4868028
1242,South Dakota,2015:Q1,852436
1243,Tennessee,2015:Q1,6572688
1244,Texas,2015:Q1,27272519
1245,Utah,2015:Q1,2967833
1246,Vermont,2015:Q1,624979
1247,Virginia,2015:Q1,8349419
1248,Washington,2015:Q1,7114186
1249,West Virginia,2015:Q1,1842938
1250,Wisconsin,2015:Q1,5757259
1251,Wyoming,2015:Q1,585135
1252,New England,2015:Q1,14716908
1253,Mideast,2015:Q1,49154226
1254,Great Lakes,2015:Q1,46755652
1255,Plains,2015:Q1,21048625
1256,Southeast,2015:Q1,81820308
1257,Southwest,2015:Q1,40017637
1258,Rocky Mountain,2015:Q1,11625120
1259,Far West,2015:Q1,55053046
1260,United States,2015:Q2,320735773
1261,Alabama,2015:Q2,4849499
1262,Alaska*,2015:Q2,737825
1263,Arizona,2015:Q2,6790370
1264,Arkansas,2015:Q2,2974233
1265,California,2015:Q2,38991865
1266,Colorado,2015:Q2,5428048
1267,Connecticut,2015:Q2,3594605
1268,Delaware,2015:Q2,942959
1269,District of Columbia,2015:Q2,671254
1270,Florida,2015:Q2,20222540
1271,Georgia,2015:Q2,10185037
1272,Hawaii*,2015:Q2,1425276
1273,Idaho,2015:Q2,1646909
1274,Illinois,2015:Q2,12864475
1275,Indiana,2015:Q2,6608221
1276,Iowa,2015:Q2,3116736
1277,Kansas,2015:Q2,2904921
1278,Kentucky,2015:Q2,4420439
1279,Louisiana,2015:Q2,4668389
1280,Maine,2015:Q2,1327871
1281,Maryland,2015:Q2,5996803
1282,Massachusetts,2015:Q2,6789269
1283,Michigan,2015:Q2,9917564
1284,Minnesota,2015:Q2,5479198
1285,Mississippi,2015:Q2,2985731
1286,Missouri,2015:Q2,6070652
1287,Montana,2015:Q2,1027250
1288,Nebraska,2015:Q2,1891918
1289,Nevada,2015:Q2,2876680
1290,New Hampshire,2015:Q2,1329894
1291,New Jersey,2015:Q2,8957872
1292,New Mexico,2015:Q2,2082441
1293,New York,2015:Q2,19813696
1294,North Carolina,2015:Q2,10029103
1295,North Dakota,2015:Q2,752804
1296,Ohio,2015:Q2,11604254
1297,Oklahoma,2015:Q2,3900663
1298,Oregon,2015:Q2,4009477
1299,Pennsylvania,2015:Q2,12790742
1300,Rhode Island,2015:Q2,1055739
1301,South Carolina,2015:Q2,4883980
1302,South Dakota,2015:Q2,853446
1303,Tennessee,2015:Q2,6584268
1304,Texas,2015:Q2,27392461
1305,Utah,2015:Q2,2979018
1306,Vermont,2015:Q2,624581
1307,Virginia,2015:Q2,8360467
1308,Washington,2015:Q2,7139441
1309,West Virginia,2015:Q2,1840685
1310,Wisconsin,2015:Q2,5758462
1311,Wyoming,2015:Q2,585742
1312,New England,2015:Q2,14721959
1313,Mideast,2015:Q2,49173326
1314,Great Lakes,2015:Q2,46752976
1315,Plains,2015:Q2,21069675
1316,Southeast,2015:Q2,82004371
1317,Southwest,2015:Q2,40165935
1318,Rocky Mountain,2015:Q2,11666967
1319,Far West,2015:Q2,55180564
1320,United States,2015:Q3,321385409
1321,Alabama,2015:Q3,4852803
1322,Alaska*,2015:Q3,738500
1323,Arizona,2015:Q3,6816793
1324,Arkansas,2015:Q3,2977650
1325,California,2015:Q3,39071590
1326,Colorado,2015:Q3,5452426
1327,Connecticut,2015:Q3,3593668
1328,Delaware,2015:Q3,945337
1329,District of Columbia,2015:Q3,674282
1330,Florida,2015:Q3,20321138
1331,Georgia,2015:Q3,10215119
1332,Hawaii*,2015:Q3,1426789
1333,Idaho,2015:Q3,1653409
1334,Illinois,2015:Q3,12860735
1335,Indiana,2015:Q3,6614438
1336,Iowa,2015:Q3,3120508
1337,Kansas,2015:Q3,2906492
1338,Kentucky,2015:Q3,4424412
1339,Louisiana,2015:Q3,4673745
1340,Maine,2015:Q3,1328292
1341,Maryland,2015:Q3,6004479
1342,Massachusetts,2015:Q3,6798686
1343,Michigan,2015:Q3,9921594
1344,Minnesota,2015:Q3,5489258
1345,Mississippi,2015:Q3,2985733
1346,Missouri,2015:Q3,6075868
1347,Montana,2015:Q3,1029777
1348,Nebraska,2015:Q3,1895598
1349,Nevada,2015:Q3,2890556
1350,New Hampshire,2015:Q3,1330928
1351,New Jersey,2015:Q3,8963770
1352,New Mexico,2015:Q3,2083056
1353,New York,2015:Q3,19824596
1354,North Carolina,2015:Q3,10057626
1355,North Dakota,2015:Q3,755051
1356,Ohio,2015:Q3,11609896
1357,Oklahoma,2015:Q3,3907076
1358,Oregon,2015:Q3,4025890
1359,Pennsylvania,2015:Q3,12792762
1360,Rhode Island,2015:Q3,1056278
1361,South Carolina,2015:Q3,4901607
1362,South Dakota,2015:Q3,855104
1363,Tennessee,2015:Q3,6599018
1364,Texas,2015:Q3,27515260
1365,Utah,2015:Q3,2992696
1366,Vermont,2015:Q3,624400
1367,Virginia,2015:Q3,8373868
1368,Washington,2015:Q3,7169920
1369,West Virginia,2015:Q3,1838660
1370,Wisconsin,2015:Q3,5762237
1371,Wyoming,2015:Q3,586035
1372,New England,2015:Q3,14732252
1373,Mideast,2015:Q3,49205226
1374,Great Lakes,2015:Q3,46768900
1375,Plains,2015:Q3,21097879
1376,Southeast,2015:Q3,82221379
1377,Southwest,2015:Q3,40322185
1378,Rocky Mountain,2015:Q3,11714343
1379,Far West,2015:Q3,55323245
1380,United States,2015:Q4,322036743
1381,Alabama,2015:Q4,4856140
1382,Alaska*,2015:Q4,739458
1383,Arizona,2015:Q4,6844867
1384,Arkansas,2015:Q4,2981367
1385,California,2015:Q4,39145093
1386,Colorado,2015:Q4,5475709
1387,Connecticut,2015:Q4,3592811
1388,Delaware,2015:Q4,947690
1389,District of Columbia,2015:Q4,677260
1390,Florida,2015:Q4,20423300
1391,Georgia,2015:Q4,10245236
1392,Hawaii*,2015:Q4,1427587
1393,Idaho,2015:Q4,1661391
1394,Illinois,2015:Q4,12856495
1395,Indiana,2015:Q4,6621420
1396,Iowa,2015:Q4,3124189
1397,Kansas,2015:Q4,2907495
1398,Kentucky,2015:Q4,4428647
1399,Louisiana,2015:Q4,4678277
1400,Maine,2015:Q4,1329187
1401,Maryland,2015:Q4,6011620
1402,Massachusetts,2015:Q4,6807223
1403,Michigan,2015:Q4,9927222
1404,Minnesota,2015:Q4,5500603
1405,Mississippi,2015:Q4,2986299
1406,Missouri,2015:Q4,6081611
1407,Montana,2015:Q4,1032563
1408,Nebraska,2015:Q4,1899459
1409,Nevada,2015:Q4,2905170
1410,New Hampshire,2015:Q4,1332383
1411,New Jersey,2015:Q4,8970128
1412,New Mexico,2015:Q4,2084325
1413,New York,2015:Q4,19832582
1414,North Carolina,2015:Q4,10088155
1415,North Dakota,2015:Q4,755350
1416,Ohio,2015:Q4,11616162
1417,Oklahoma,2015:Q4,3911947
1418,Oregon,2015:Q4,4044016
1419,Pennsylvania,2015:Q4,12794255
1420,Rhode Island,2015:Q4,1056876
1421,South Carolina,2015:Q4,4919405
1422,South Dakota,2015:Q4,857133
1423,Tennessee,2015:Q4,6614850
1424,Texas,2015:Q4,27632748
1425,Utah,2015:Q4,3007915
1426,Vermont,2015:Q4,624223
1427,Virginia,2015:Q4,8387166
1428,Washington,2015:Q4,7203150
1429,West Virginia,2015:Q4,1836227
1430,Wisconsin,2015:Q4,5766527
1431,Wyoming,2015:Q4,585831
1432,New England,2015:Q4,14742703
1433,Mideast,2015:Q4,49233535
1434,Great Lakes,2015:Q4,46787826
1435,Plains,2015:Q4,21125840
1436,Southeast,2015:Q4,82445069
1437,Southwest,2015:Q4,40473887
1438,Rocky Mountain,2015:Q4,11763409
1439,Far West,2015:Q4,55464474
1440,United States,2016:Q1,322555224
1441,Alabama,2016:Q1,4857418
1442,Alaska*,2016:Q1,740215
1443,Arizona,2016:Q1,6869880
1444,Arkansas,2016:Q1,2983800
1445,California,2016:Q1,39203514
1446,Colorado,2016:Q1,5496869
1447,Connecticut,2016:Q1,3590440
1448,Delaware,2016:Q1,949626
1449,District of Columbia,2016:Q1,680025
1450,Florida,2016:Q1,20515328
1451,Georgia,2016:Q1,10271594
1452,Hawaii*,2016:Q1,1427995
1453,Idaho,2016:Q1,1668660
1454,Illinois,2016:Q1,12846956
1455,Indiana,2016:Q1,6625703
1456,Iowa,2016:Q1,3126475
1457,Kansas,2016:Q1,2907254
1458,Kentucky,2016:Q1,4431106
1459,Louisiana,2016:Q1,4680949
1460,Maine,2016:Q1,1329442
1461,Maryland,2016:Q1,6016371
1462,Massachusetts,2016:Q1,6813042
1463,Michigan,2016:Q1,9928668
1464,Minnesota,2016:Q1,5509701
1465,Mississippi,2016:Q1,2985661
1466,Missouri,2016:Q1,6084748
1467,Montana,2016:Q1,1034884
1468,Nebraska,2016:Q1,1902476
1469,Nevada,2016:Q1,2918587
1470,New Hampshire,2016:Q1,1333276
1471,New Jersey,2016:Q1,8972714
1472,New Mexico,2016:Q1,2084665
1473,New York,2016:Q1,19832490
1474,North Carolina,2016:Q1,10114564
1475,North Dakota,2016:Q1,755326
1476,Ohio,2016:Q1,11617467
1477,Oklahoma,2016:Q1,3915218
1478,Oregon,2016:Q1,4060367
1479,Pennsylvania,2016:Q1,12790036
1480,Rhode Island,2016:Q1,1057031
1481,South Carolina,2016:Q1,4935139
1482,South Dakota,2016:Q1,858808
1483,Tennessee,2016:Q1,6627950
1484,Texas,2016:Q1,27739416
1485,Utah,2016:Q1,3022093
1486,Vermont,2016:Q1,623810
1487,Virginia,2016:Q1,8397217
1488,Washington,2016:Q1,7233510
1489,West Virginia,2016:Q1,1832969
1490,Wisconsin,2016:Q1,5768369
1491,Wyoming,2016:Q1,585402
1492,New England,2016:Q1,14747041
1493,Mideast,2016:Q1,49241262
1494,Great Lakes,2016:Q1,46787163
1495,Plains,2016:Q1,21144788
1496,Southeast,2016:Q1,82633695
1497,Southwest,2016:Q1,40609179
1498,Rocky Mountain,2016:Q1,11807908
1499,Far West,2016:Q1,55584188
1500,United States,2016:Q2,323101010
1501,Alabama,2016:Q2,4859181
1502,Alaska*,2016:Q2,741041
1503,Arizona,2016:Q2,6895277
1504,Arkansas,2016:Q2,2986550
1505,California,2016:Q2,39263415
1506,Colorado,2016:Q2,5518662
1507,Connecticut,2016:Q2,3588345
1508,Delaware,2016:Q2,951607
1509,District of Columbia,2016:Q2,682858
1510,Florida,2016:Q2,20608043
1511,Georgia,2016:Q2,10298931
1512,Hawaii*,2016:Q2,1428372
1513,Idaho,2016:Q2,1676119
1514,Illinois,2016:Q2,12838626
1515,Indiana,2016:Q2,6630782
1516,Iowa,2016:Q2,3129160
1517,Kansas,2016:Q2,2907356
1518,Kentucky,2016:Q2,4434145
1519,Louisiana,2016:Q2,4684093
1520,Maine,2016:Q2,1329880
1521,Maryland,2016:Q2,6021561
1522,Massachusetts,2016:Q2,6819677
1523,Michigan,2016:Q2,9931142
1524,Minnesota,2016:Q2,5519514
1525,Mississippi,2016:Q2,2985302
1526,Missouri,2016:Q2,6088599
1527,Montana,2016:Q2,1037319
1528,Nebraska,2016:Q2,1905754
1529,Nevada,2016:Q2,2932186
1530,New Hampshire,2016:Q2,1334338
1531,New Jersey,2016:Q2,8975935
1532,New Mexico,2016:Q2,2085037
1533,New York,2016:Q2,19833792
1534,North Carolina,2016:Q2,10141941
1535,North Dakota,2016:Q2,755417
1536,Ohio,2016:Q2,11620037
1537,Oklahoma,2016:Q2,3918950
1538,Oregon,2016:Q2,4077163
1539,Pennsylvania,2016:Q2,12787119
1540,Rhode Island,2016:Q2,1057316
1541,South Carolina,2016:Q2,4951248
1542,South Dakota,2016:Q2,860565
1543,Tennessee,2016:Q2,6641779
1544,Texas,2016:Q2,27848011
1545,Utah,2016:Q2,3036728
1546,Vermont,2016:Q2,623456
1547,Virginia,2016:Q2,8408105
1548,Washington,2016:Q2,7264642
1549,West Virginia,2016:Q2,1829946
1550,Wisconsin,2016:Q2,5770946
1551,Wyoming,2016:Q2,585042
1552,New England,2016:Q2,14753012
1553,Mideast,2016:Q2,49252872
1554,Great Lakes,2016:Q2,46791533
1555,Plains,2016:Q2,21166365
1556,Southeast,2016:Q2,82829264
1557,Southwest,2016:Q2,40747275
1558,Rocky Mountain,2016:Q2,11853870
1559,Far West,2016:Q2,55706819
1560,United States,2016:Q3,323736332
1561,Alabama,2016:Q3,4862950
1562,Alaska*,2016:Q3,741367
1563,Arizona,2016:Q3,6923129
1564,Arkansas,2016:Q3,2990600
1565,California,2016:Q3,39331664
1566,Colorado,2016:Q3,5540337
1567,Connecticut,2016:Q3,3588225
1568,Delaware,2016:Q3,953991
1569,District of Columbia,2016:Q3,685617
1570,Florida,2016:Q3,20701133
1571,Georgia,2016:Q3,10329259
1572,Hawaii*,2016:Q3,1428687
1573,Idaho,2016:Q3,1684837
1574,Illinois,2016:Q3,12833150
1575,Indiana,2016:Q3,6638806
1576,Iowa,2016:Q3,3133092
1577,Kansas,2016:Q3,2908756
1578,Kentucky,2016:Q3,4438822
1579,Louisiana,2016:Q3,4686500
1580,Maine,2016:Q3,1331112
1581,Maryland,2016:Q3,6028986
1582,Massachusetts,2016:Q3,6828992
1583,Michigan,2016:Q3,9938306
1584,Minnesota,2016:Q3,5532113
1585,Mississippi,2016:Q3,2985618
1586,Missouri,2016:Q3,6094699
1587,Montana,2016:Q3,1040267
1588,Nebraska,2016:Q3,1909358
1589,Nevada,2016:Q3,2947014
1590,New Hampshire,2016:Q3,1336128
1591,New Jersey,2016:Q3,8983062
1592,New Mexico,2016:Q3,2086079
1593,New York,2016:Q3,19840579
1594,North Carolina,2016:Q3,10172556
1595,North Dakota,2016:Q3,755592
1596,Ohio,2016:Q3,11628501
1597,Oklahoma,2016:Q3,3922897
1598,Oregon,2016:Q3,4093639
1599,Pennsylvania,2016:Q3,12791147
1600,Rhode Island,2016:Q3,1057944
1601,South Carolina,2016:Q3,4968553
1602,South Dakota,2016:Q3,862644
1603,Tennessee,2016:Q3,6658508
1604,Texas,2016:Q3,27958253
1605,Utah,2016:Q3,3051753
1606,Vermont,2016:Q3,623446
1607,Virginia,2016:Q3,8422310
1608,Washington,2016:Q3,7297420
1609,West Virginia,2016:Q3,1827269
1610,Wisconsin,2016:Q3,5776387
1611,Wyoming,2016:Q3,584278
1612,New England,2016:Q3,14765847
1613,Mideast,2016:Q3,49283382
1614,Great Lakes,2016:Q3,46815150
1615,Plains,2016:Q3,21196254
1616,Southeast,2016:Q3,83044078
1617,Southwest,2016:Q3,40890358
1618,Rocky Mountain,2016:Q3,11901472
1619,Far West,2016:Q3,55839791
1620,United States,2016:Q4,324367820
1621,Alabama,2016:Q4,4867344
1622,Alaska*,2016:Q4,741027
1623,Arizona,2016:Q4,6951333
1624,Arkansas,2016:Q4,2995129
1625,California,2016:Q4,39397947
1626,Colorado,2016:Q4,5560359
1627,Connecticut,2016:Q4,3588947
1628,Delaware,2016:Q4,956507
1629,District of Columbia,2016:Q4,688130
1630,Florida,2016:Q4,20787653
1631,Georgia,2016:Q4,10359762
1632,Hawaii*,2016:Q4,1428641
1633,Idaho,2016:Q4,1694340
1634,Illinois,2016:Q4,12826762
1635,Indiana,2016:Q4,6647978
1636,Iowa,2016:Q4,3137288
1637,Kansas,2016:Q4,2910542
1638,Kentucky,2016:Q4,4443990
1639,Louisiana,2016:Q4,4686804
1640,Maine,2016:Q4,1332777
1641,Maryland,2016:Q4,6036898
1642,Massachusetts,2016:Q4,6838999
1643,Michigan,2016:Q4,9947191
1644,Minnesota,2016:Q4,5545809
1645,Mississippi,2016:Q4,2985813
1646,Missouri,2016:Q4,6101289
1647,Montana,2016:Q4,1043412
1648,Nebraska,2016:Q4,1912773
1649,Nevada,2016:Q4,2962215
1650,New Hampshire,2016:Q4,1338292
1651,New Jersey,2016:Q4,8991419
1652,New Mexico,2016:Q4,2087155
1653,New York,2016:Q4,19847254
1654,North Carolina,2016:Q4,10203415
1655,North Dakota,2016:Q4,755658
1656,Ohio,2016:Q4,11639440
1657,Oklahoma,2016:Q4,3925937
1658,Oregon,2016:Q4,4108511
1659,Pennsylvania,2016:Q4,12797978
1660,Rhode Island,2016:Q4,1058632
1661,South Carolina,2016:Q4,4985603
1662,South Dakota,2016:Q4,864822
1663,Tennessee,2016:Q4,6676227
1664,Texas,2016:Q4,28062214
1665,Utah,2016:Q4,3066477
1666,Vermont,2016:Q4,623611
1667,Virginia,2016:Q4,8437522
1668,Washington,2016:Q4,7329728
1669,West Virginia,2016:Q4,1824388
1670,Wisconsin,2016:Q4,5782911
1671,Wyoming,2016:Q4,582967
1672,New England,2016:Q4,14781258
1673,Mideast,2016:Q4,49318186
1674,Great Lakes,2016:Q4,46844282
1675,Plains,2016:Q4,21228181
1676,Southeast,2016:Q4,83253650
1677,Southwest,2016:Q4,41026639
1678,Rocky Mountain,2016:Q4,11947555
1679,Far West,2016:Q4,55968069
1680,United States,2017:Q1,324889111
1681,Alabama,2017:Q1,4870016
1682,Alaska*,2017:Q1,740491
1683,Arizona,2017:Q1,6976991
1684,Arkansas,2017:Q1,2998579
1685,California,2017:Q1,39451918
1686,Colorado,2017:Q1,5578671
1687,Connecticut,2017:Q1,3588430
1688,Delaware,2017:Q1,958629
1689,District of Columbia,2017:Q1,690403
1690,Florida,2017:Q1,20865571
1691,Georgia,2017:Q1,10386916
1692,Hawaii*,2017:Q1,1428175
1693,Idaho,2017:Q1,1703270
1694,Illinois,2017:Q1,12816058
1695,Indiana,2017:Q1,6655048
1696,Iowa,2017:Q1,3140410
1697,Kansas,2017:Q1,2911363
1698,Kentucky,2017:Q1,4447763
1699,Louisiana,2017:Q1,4685498
1700,Maine,2017:Q1,1333921
1701,Maryland,2017:Q1,6042675
1702,Massachusetts,2017:Q1,6846773
1703,Michigan,2017:Q1,9952591
1704,Minnesota,2017:Q1,5557673
1705,Mississippi,2017:Q1,2984948
1706,Missouri,2017:Q1,6105758
1707,Montana,2017:Q1,1046181
1708,Nebraska,2017:Q1,1915542
1709,Nevada,2017:Q1,2976421
1710,New Hampshire,2017:Q1,1339998
1711,New Jersey,2017:Q1,8996633
1712,New Mexico,2017:Q1,2087471
1713,New York,2017:Q1,19847060
1714,North Carolina,2017:Q1,10230755
1715,North Dakota,2017:Q1,755488
1716,Ohio,2017:Q1,11646308
1717,Oklahoma,2017:Q1,3927642
1718,Oregon,2017:Q1,4121911
1719,Pennsylvania,2017:Q1,12800117
1720,Rhode Island,2017:Q1,1058961
1721,South Carolina,2017:Q1,5000838
1722,South Dakota,2017:Q1,866694
1723,Tennessee,2017:Q1,6691666
1724,Texas,2017:Q1,28157570
1725,Utah,2017:Q1,3080383
1726,Vermont,2017:Q1,623589
1727,Virginia,2017:Q1,8449976
1728,Washington,2017:Q1,7359619
1729,West Virginia,2017:Q1,1820836
1730,Wisconsin,2017:Q1,5787447
1731,Wyoming,2017:Q1,581466
1732,New England,2017:Q1,14791672
1733,Mideast,2017:Q1,49335517
1734,Great Lakes,2017:Q1,46857452
1735,Plains,2017:Q1,21252928
1736,Southeast,2017:Q1,83433362
1737,Southwest,2017:Q1,41149674
1738,Rocky Mountain,2017:Q1,11989971
1739,Far West,2017:Q1,56078535
1740,United States,2017:Q2,325416675
1741,Alabama,2017:Q2,4872773
1742,Alaska*,2017:Q2,739976
1743,Arizona,2017:Q2,7002630
1744,Arkansas,2017:Q2,3002137
1745,California,2017:Q2,39505702
1746,Colorado,2017:Q2,5597222
1747,Connecticut,2017:Q2,3587975
1748,Delaware,2017:Q2,960759
1749,District of Columbia,2017:Q2,692728
1750,Florida,2017:Q2,20943033
1751,Georgia,2017:Q2,10414383
1752,Hawaii*,2017:Q2,1427626
1753,Idaho,2017:Q2,1712251
1754,Illinois,2017:Q2,12805702
1755,Indiana,2017:Q2,6662354
1756,Iowa,2017:Q2,3143684
1757,Kansas,2017:Q2,2912284
1758,Kentucky,2017:Q2,4451693
1759,Louisiana,2017:Q2,4684322
1760,Maine,2017:Q2,1335132
1761,Maryland,2017:Q2,6048503
1762,Massachusetts,2017:Q2,6854898
1763,Michigan,2017:Q2,9958235
1764,Minnesota,2017:Q2,5569811
1765,Mississippi,2017:Q2,2984134
1766,Missouri,2017:Q2,6110431
1767,Montana,2017:Q2,1048968
1768,Nebraska,2017:Q2,1918411
1769,Nevada,2017:Q2,2990609
1770,New Hampshire,2017:Q2,1341752
1771,New Jersey,2017:Q2,9001933
1772,New Mexico,2017:Q2,2087714
1773,New York,2017:Q2,19847075
1774,North Carolina,2017:Q2,10258336
1775,North Dakota,2017:Q2,755366
1776,Ohio,2017:Q2,11653553
1777,Oklahoma,2017:Q2,3929458
1778,Oregon,2017:Q2,4135484
1779,Pennsylvania,2017:Q2,12802633
1780,Rhode Island,2017:Q2,1059324
1781,South Carolina,2017:Q2,5016114
1782,South Dakota,2017:Q2,868611
1783,Tennessee,2017:Q2,6707321
1784,Texas,2017:Q2,28253506
1785,Utah,2017:Q2,3094450
1786,Vermont,2017:Q2,623589
1787,Virginia,2017:Q2,8462656
1788,Washington,2017:Q2,7389774
1789,West Virginia,2017:Q2,1817366
1790,Wisconsin,2017:Q2,5792309
1791,Wyoming,2017:Q2,579985
1792,New England,2017:Q2,14802670
1793,Mideast,2017:Q2,49353631
1794,Great Lakes,2017:Q2,46872153
1795,Plains,2017:Q2,21278598
1796,Southeast,2017:Q2,83614268
1797,Southwest,2017:Q2,41273308
1798,Rocky Mountain,2017:Q2,12032876
1799,Far West,2017:Q2,56189171
1800,United States,2017:Q3,326055478
1801,Alabama,2017:Q3,4877260
1802,Alaska*,2017:Q3,739686
1803,Arizona,2017:Q3,7031237
1804,Arkansas,2017:Q3,3006748
1805,California,2017:Q3,39571374
1806,Colorado,2017:Q3,5617451
1807,Connecticut,2017:Q3,3588745
1808,Delaware,2017:Q3,963260
1809,District of Columbia,2017:Q3,695289
1810,Florida,2017:Q3,21029989
1811,Georgia,2017:Q3,10444832
1812,Hawaii*,2017:Q3,1427586
1813,Idaho,2017:Q3,1721848
1814,Illinois,2017:Q3,12799607
1815,Indiana,2017:Q3,6671727
1816,Iowa,2017:Q3,3147990
1817,Kansas,2017:Q3,2914222
1818,Kentucky,2017:Q3,4456873
1819,Louisiana,2017:Q3,4684779
1820,Maine,2017:Q3,1336799
1821,Maryland,2017:Q3,6056481
1822,Massachusetts,2017:Q3,6865142
1823,Michigan,2017:Q3,9967368
1824,Minnesota,2017:Q3,5583798
1825,Mississippi,2017:Q3,2984390
1826,Missouri,2017:Q3,6117226
1827,Montana,2017:Q3,1052154
1828,Nebraska,2017:Q3,1921969
1829,Nevada,2017:Q3,3005899
1830,New Hampshire,2017:Q3,1343924
1831,New Jersey,2017:Q3,9010526
1832,New Mexico,2017:Q3,2088754
1833,New York,2017:Q3,19853819
1834,North Carolina,2017:Q3,10289640
1835,North Dakota,2017:Q3,755453
1836,Ohio,2017:Q3,11664173
1837,Oklahoma,2017:Q3,3932652
1838,Oregon,2017:Q3,4150542
1839,Pennsylvania,2017:Q3,12809942
1840,Rhode Island,2017:Q3,1060043
1841,South Carolina,2017:Q3,5033484
1842,South Dakota,2017:Q3,870797
1843,Tennessee,2017:Q3,6725164
1844,Texas,2017:Q3,28359039
1845,Utah,2017:Q3,3109213
1846,Vermont,2017:Q3,623770
1847,Virginia,2017:Q3,8478088
1848,Washington,2017:Q3,7422450
1849,West Virginia,2017:Q3,1814528
1850,Wisconsin,2017:Q3,5799019
1851,Wyoming,2017:Q3,578729
1852,New England,2017:Q3,14818423
1853,Mideast,2017:Q3,49389317
1854,Great Lakes,2017:Q3,46901894
1855,Plains,2017:Q3,21311455
1856,Southeast,2017:Q3,83825775
1857,Southwest,2017:Q3,41411682
1858,Rocky Mountain,2017:Q3,12079395
1859,Far West,2017:Q3,56317537
1860,United States,2017:Q4,326686447
1861,Alabama,2017:Q4,4881664
1862,Alaska*,2017:Q4,739393
1863,Arizona,2017:Q4,7060102
1864,Arkansas,2017:Q4,3011302
1865,California,2017:Q4,39635631
1866,Colorado,2017:Q4,5637379
1867,Connecticut,2017:Q4,3589372
1868,Delaware,2017:Q4,965793
1869,District of Columbia,2017:Q4,697838
1870,Florida,2017:Q4,21117805
1871,Georgia,2017:Q4,10474536
1872,Hawaii*,2017:Q4,1427570
1873,Idaho,2017:Q4,1731482
1874,Illinois,2017:Q4,12793077
1875,Indiana,2017:Q4,6680833
1876,Iowa,2017:Q4,3152169
1877,Kansas,2017:Q4,2916015
1878,Kentucky,2017:Q4,4461832
1879,Louisiana,2017:Q4,4685102
1880,Maine,2017:Q4,1338432
1881,Maryland,2017:Q4,6064276
1882,Massachusetts,2017:Q4,6874961
1883,Michigan,2017:Q4,9976283
1884,Minnesota,2017:Q4,5597557
1885,Mississippi,2017:Q4,2984600
1886,Missouri,2017:Q4,6123893
1887,Montana,2017:Q4,1055362
1888,Nebraska,2017:Q4,1925549
1889,Nevada,2017:Q4,3021201
1890,New Hampshire,2017:Q4,1346060
1891,New Jersey,2017:Q4,9019023
1892,New Mexico,2017:Q4,2089843
1893,New York,2017:Q4,19860040
1894,North Carolina,2017:Q4,10320744
1895,North Dakota,2017:Q4,755525
1896,Ohio,2017:Q4,11673922
1897,Oklahoma,2017:Q4,3935700
1898,Oregon,2017:Q4,4165509
1899,Pennsylvania,2017:Q4,12816937
1900,Rhode Island,2017:Q4,1060731
1901,South Carolina,2017:Q4,5051036
1902,South Dakota,2017:Q4,872990
1903,Tennessee,2017:Q4,6742791
1904,Texas,2017:Q4,28464101
1905,Utah,2017:Q4,3123769
1906,Vermont,2017:Q4,623936
1907,Virginia,2017:Q4,8493235
1908,Washington,2017:Q4,7454960
1909,West Virginia,2017:Q4,1811661
1910,Wisconsin,2017:Q4,5805434
1911,Wyoming,2017:Q4,577491
1912,New England,2017:Q4,14833492
1913,Mideast,2017:Q4,49423907
1914,Great Lakes,2017:Q4,46929549
1915,Plains,2017:Q4,21343698
1916,Southeast,2017:Q4,84036308
1917,Southwest,2017:Q4,41549746
1918,Rocky Mountain,2017:Q4,12125483
1919,Far West,2017:Q4,56444264
1920,United States,2018:Q1,327202362
1921,Alabama,2018:Q1,4884193
1922,Alaska*,2018:Q1,738852
1923,Arizona,2018:Q1,7085993
1924,Arkansas,2018:Q1,3014688
1925,California,2018:Q1,39688165
1926,Colorado,2018:Q1,5655679
1927,Connecticut,2018:Q1,3588716
1928,Delaware,2018:Q1,967905
1929,District of Columbia,2018:Q1,700127
1930,Florida,2018:Q1,21196290
1931,Georgia,2018:Q1,10501405
1932,Hawaii*,2018:Q1,1427067
1933,Idaho,2018:Q1,1740535
1934,Illinois,2018:Q1,12781961
1935,Indiana,2018:Q1,6687688
1936,Iowa,2018:Q1,3155195
1937,Kansas,2018:Q1,2916743
1938,Kentucky,2018:Q1,4465432
1939,Louisiana,2018:Q1,4683660
1940,Maine,2018:Q1,1339528
1941,Maryland,2018:Q1,6069867
1942,Massachusetts,2018:Q1,6882492
1943,Michigan,2018:Q1,9981394
1944,Minnesota,2018:Q1,5609339
1945,Mississippi,2018:Q1,2983642
1946,Missouri,2018:Q1,6128198
1947,Montana,2018:Q1,1058144
1948,Nebraska,2018:Q1,1928314
1949,Nevada,2018:Q1,3035528
1950,New Hampshire,2018:Q1,1347717
1951,New Jersey,2018:Q1,9023993
1952,New Mexico,2018:Q1,2090091
1953,New York,2018:Q1,19859115
1954,North Carolina,2018:Q1,10348050
1955,North Dakota,2018:Q1,755344
1956,Ohio,2018:Q1,11680151
1957,Oklahoma,2018:Q1,3937290
1958,Oregon,2018:Q1,4178938
1959,Pennsylvania,2018:Q1,12818692
1960,Rhode Island,2018:Q1,1061028
1961,South Carolina,2018:Q1,5066381
1962,South Dakota,2018:Q1,874847
1963,Tennessee,2018:Q1,6758112
1964,Texas,2018:Q1,28559854
1965,Utah,2018:Q1,3137733
1966,Vermont,2018:Q1,623887
1967,Virginia,2018:Q1,8505486
1968,Washington,2018:Q1,7485078
1969,West Virginia,2018:Q1,1808070
1970,Wisconsin,2018:Q1,5809764
1971,Wyoming,2018:Q1,576001
1972,New England,2018:Q1,14843368
1973,Mideast,2018:Q1,49439699
1974,Great Lakes,2018:Q1,46940958
1975,Plains,2018:Q1,21367980
1976,Southeast,2018:Q1,84215409
1977,Southwest,2018:Q1,41673228
1978,Rocky Mountain,2018:Q1,12168092
1979,Far West,2018:Q1,56553628
1980,United States,2018:Q2,327734318
1981,Alabama,2018:Q2,4886924
1982,Alaska*,2018:Q2,738333
1983,Arizona,2018:Q2,7111985
1984,Arkansas,2018:Q2,3018245
1985,California,2018:Q2,39741997
1986,Colorado,2018:Q2,5674446
1987,Connecticut,2018:Q2,3588236
1988,Delaware,2018:Q2,970048
1989,District of Columbia,2018:Q2,702479
1990,Florida,2018:Q2,21274835
1991,Georgia,2018:Q2,10529103
1992,Hawaii*,2018:Q2,1426509
1993,Idaho,2018:Q2,1749701
1994,Illinois,2018:Q2,12771543
1995,Indiana,2018:Q2,6694984
1996,Iowa,2018:Q2,3158463
1997,Kansas,2018:Q2,2917645
1998,Kentucky,2018:Q2,4469348
1999,Louisiana,2018:Q2,4682452
2000,Maine,2018:Q2,1340735
2001,Maryland,2018:Q2,6075679
2002,Massachusetts,2018:Q2,6890611
2003,Michigan,2018:Q2,9986983
2004,Minnesota,2018:Q2,5621551
2005,Mississippi,2018:Q2,2982807
2006,Missouri,2018:Q2,6132845
2007,Montana,2018:Q2,1060956
2008,Nebraska,2018:Q2,1931188
2009,Nevada,2018:Q2,3049976
2010,New Hampshire,2018:Q2,1349472
2011,New Jersey,2018:Q2,9029246
2012,New Mexico,2018:Q2,2090319
2013,New York,2018:Q2,19858991
2014,North Carolina,2018:Q2,10375876
2015,North Dakota,2018:Q2,755216
2016,Ohio,2018:Q2,11687335
2017,Oklahoma,2018:Q2,3939083
2018,Oregon,2018:Q2,4192671
2019,Pennsylvania,2018:Q2,12821121
2020,Rhode Island,2018:Q2,1061383
2021,South Carolina,2018:Q2,5081823
2022,South Dakota,2018:Q2,876777
2023,Tennessee,2018:Q2,6773876
2024,Texas,2018:Q2,28656966
2025,Utah,2018:Q2,3152042
2026,Vermont,2018:Q2,623882
2027,Virginia,2018:Q2,8518190
2028,Washington,2018:Q2,7515697
2029,West Virginia,2018:Q2,1804612
2030,Wisconsin,2018:Q2,5814604
2031,Wyoming,2018:Q2,574529
2032,New England,2018:Q2,14854319
2033,Mideast,2018:Q2,49457564
2034,Great Lakes,2018:Q2,46955449
2035,Plains,2018:Q2,21393685
2036,Southeast,2018:Q2,84398091
2037,Southwest,2018:Q2,41798353
2038,Rocky Mountain,2018:Q2,12211674
2039,Far West,2018:Q2,56665183
